{"cover": {"project_name": "\u6e38\u620f\u76f4\u64ad\u884c\u4e3a\u7684\u8457\u4f5c\u6743\u6cd5\u5ba1\u89c6", "working_dep": "\u5357\u4eac\u7406\u5de5\u5927\u5b66", "applicant": "\u80e1\u4e91\u88f3", "telephone": "13255296176", "type": "\u5355\u4f4d\u63a8\u8350", "application_field": "\u6cd5\u5b66"}, "dep_review": "", "personal_profile": {"patent": [{"contribution_conduct": "\u8c61\u62d4\u868c\u6211\u4eec\u8d70", "application_num": "12345", "attach": [], "patent_num": "56789", "year": "2014\u5e74", "person_name": "\u8c61\u62d4\u868c", "approved_year": "2016\u5e74", "patent_name": "\u8111\u6d1e\u8d85\u5e02"}, {"contribution_conduct": "\u76ae\u76ae\u867e\u6211\u4eec\u8d70", "application_num": "56789", "attach": [], "patent_num": "12345", "year": "2006\u5e74", "person_name": "\u76ae\u76ae\u867e", "approved_year": "2011\u5e74", "patent_name": "\u8111\u6d1e\u8d85\u5e02"}], "repr_results": [{"contribution_refs_info": "", "journal_title": "", "author": "", "attach": "", "start_end_page": "", "journal_year": "", "type": "paper", "paper_title": ""}, {"contribution_refs_info": "", "book_title": "", "author": "", "publish_address": "", "attach": "", "publish_year": "", "type": "book", "publish_house": ""}, {"contribution_refs_info": "", "report_title": "", "author": "", "attach": "", "complete_year": "", "type": "tech_report"}, {"contribution_refs_info": "", "report_title": "", "report_year": "", "author": "", "conference_address": "", "attach": "", "conference_name": "", "type": "academic_report"}], "projects_info": [{"sort": "1", "project_name": "\u8bf4\u778e\u8bdd", "fund": "1000", "mission": "\u8bf4", "source": "\u4f01\u4e1a", "start_end_date": "2007\u5e747\u6708 \u81f3 2010\u5e743\u6708", "id": "1"}, {"sort": "2", "project_name": "\u7565\u7565\u7565", "fund": "1000", "mission": "\u5410\u820c\u5934", "source": "\u4f01\u4e1a", "start_end_date": "2009\u5e744\u6708 \u81f3 2014\u5e742\u6708", "id": "2"}], "repr_results_to_word": [{"contribution_refs_info": "\u4e03\u5634\u516b\u820c", "management": "\u6210\u679c\u7c7b\u578b\uff1a\u8bba\u6587  \u4f5c\u8005\uff1a\u4f60  \u9898\u76ee\uff1a\u4f60\u597d  \u671f\u520a\u540d\u79f0\uff1a\u4e03\u4e0a\u516b\u4e0b  \u5377\uff08\u671f\uff09\uff08\u5e74\uff09\uff1a2013  \u8d77\u6b62\u9875\u7801\uff1a1\u81f32"}, {"contribution_refs_info": "\u4e94\u5f69\u7f24\u7eb7", "management": "\u6210\u679c\u7c7b\u578b\uff1a\u8457\u4f5c  \u4f5c\u8005\uff1a\u4ed6  \u8457\u4f5c\u540d\u79f0\uff1a\u4ed6\u597d  \u51fa\u7248\u793e\uff1a\u4e94\u989c\u516d\u8272  \u51fa\u7248\u5e74\u4efd\uff1a2015\u5e74  \u51fa\u7248\u5730\uff1a\u5357\u4eac"}, {"contribution_refs_info": "\u4e09\u7f8a\u5f00\u6cf0", "management": "\u6210\u679c\u7c7b\u578b\uff1a\u7814\u7a76\u6280\u672f\u62a5\u544a  \u4f5c\u8005\uff1a\u5b83  \u62a5\u544a\u9898\u76ee\uff1a\u5b83\u597d  \u5b8c\u6210\u5e74\u4efd\uff1a2010\u5e74"}, {"contribution_refs_info": "\u5341\u5168\u5341\u7f8e", "management": "\u6210\u679c\u7c7b\u578b\uff1a\u91cd\u8981\u5b66\u672f\u4f1a\u8bae\u9080\u8bf7\u62a5\u544a  \u4f5c\u8005\uff1a\u5979  \u62a5\u544a\u9898\u76ee\uff1a\u5979\u597d  \u62a5\u544a\u5e74\u4efd\uff1a2007\u5e74  \u4f1a\u8bae\u540d\u79f0\uff1a\u4e5d\u4e5d\u5f52\u4e00  \u5730\u70b9\uff1a\u5357\u4eac"}], "learning_exp": [{"bachelor": "\u9ad8\u4e2d", "start_end_date": "2010\u5e749\u6708 \u81f3 2013\u5e746\u6708", "school_name": "\u9ad8\u4e2d", "major_subject": "\u6570\u7406\u5316"}, {"bachelor": "\u5b66\u58eb", "start_end_date": "2013\u5e749\u6708 \u81f3 2017\u5e746\u6708", "school_name": "\u5357\u4eac\u7406\u5de5\u5927\u5b66", "major_subject": "\u7535\u4fe1"}], "awards": [{"category": "\u9f99\u98de\u51e4\u821e", "project_name": "\u5357\u4eac", "person_name": "\u4e8c\u80e1\u5375\u5b50", "rank": "\u4e8c\u7b49\u5956", "attach": [], "year": "2014\u5e74", "contribution": "\u9f99\u51e4\u5448\u7965"}, {"category": "\u52c7\u6562\u7684\u5fc3", "project_name": "\u5317\u4eac", "person_name": "\u6c6a\u5cf0", "rank": "\u4e09\u7b49\u5956", "attach": [], "year": "2014\u5e74", "contribution": "\u98de\u5f97\u66f4\u9ad8"}], "working_exp": [{"job": "\u5b66\u751f", "start_end_date": "2010\u5e749\u6708 \u81f3 2013\u5e746\u6708", "working_dep": "\u9ad8\u4e2d"}, {"job": "\u5b66\u58eb", "start_end_date": "2013\u5e749\u6708 \u81f3 2017\u5e746\u6708", "working_dep": "\u5357\u4eac\u7406\u5de5\u5927\u5b66"}]}, "basic_info": {"personal_info": {"name": "\u80e1\u4e91\u88f3", "gender": "\u5973", "id_num": "370181199412057723", "bachelor": "\u5de5\u79d1\u5b66\u58eb", "research": "\u77e5\u8bc6\u4ea7\u6743\u6cd5\u5f8b", "id_name": "\u8eab\u4efd\u8bc1", "office_phone": "83886228", "job": "\u8bb2\u5e08", "birthday": "1994\u5e7412\u6708", "telephone": "13255296176", "dep_job": "\u4e13\u804c\u6559\u5e08", "email": "524074927@qq.com"}, "dep_info": {"dep_name": "\u5357\u4eac\u7406\u5de5\u5927\u5b66", "telephone": "18362903360", "address": "\u5357\u4eac\u7406\u5de5\u5927\u5b66"}}, "research_result": "\u6e38\u620f\u76f4\u64ad\u753b\u9762\u5c5e\u4e8e\u8457\u4f5c\u6743\u610f\u4e49\u4e0a\u7684\u4f5c\u54c1\uff0c\u6e38\u620f\u76f4\u64ad\u884c\u4e3a\u6784\u6210\u5408\u7406\u4f7f\u7528\u3002", "work_and_significance": "\u6cd5\u7406\u89d2\u5ea6\u89e3\u91ca\u6e38\u620f\u76f4\u64ad\u753b\u9762\u5c5e\u4e8e\u4f5c\u54c1\uff0c\u5b66\u7406\u89d2\u5ea6\u89e3\u91ca\u6e38\u620f\u76f4\u64ad\u884c\u4e3a\u6784\u6210\u5408\u7406\u4f7f\u7528\u3002"}